user,assistant,id
"Làm sao để học lập trình hiệu quả?","Bạn nên bắt đầu từ các ngôn ngữ cơ bản như Python, thực hành nhiều và tham gia các dự án nhỏ.",1
"Tôi nên học ngôn ngữ lập trình nào trước?","Python là một lựa chọn tuyệt vời cho người mới bắt đầu vì cú pháp đơn giản và dễ hiểu.",1
"Đọc sách hay xem video để học nhanh hơn?","Tùy thuộc vào cách học của bạn, nhưng kết hợp cả hai phương pháp sẽ hiệu quả nhất.",1
"Bạn có thể giúp tôi viết code Python được không?","Chắc chắn rồi, bạn cần làm gì? Tôi sẽ cố gắng hỗ trợ bạn.",1
"Làm thế nào để nấu cơm ngon?","Bạn nên vo gạo sạch trước khi nấu, thêm lượng nước phù hợp, và dùng nồi cơm điện để đạt độ ngon nhất.",2
"Có cần ngâm gạo trước khi nấu không?","Điều này tùy thuộc vào loại gạo. Một số loại gạo cần ngâm để chín đều và mềm hơn.",2
"Làm thế nào để món canh ngọt tự nhiên?","Hãy sử dụng nguyên liệu tươi như xương hầm, củ quả tươi và không dùng nhiều gia vị hóa học.",2
"Tôi nên làm gì để tập thể dục hiệu quả?","Bạn nên bắt đầu với các bài tập nhẹ nhàng, tăng dần cường độ, và duy trì thói quen đều đặn.",3
"Nên tập vào buổi sáng hay tối?","Cả hai thời điểm đều tốt, nhưng tập buổi sáng giúp bạn tràn đầy năng lượng cho cả ngày.",3
"Bạn có biết cách giảm cân nhanh không?","Giảm cân là một quá trình, bạn cần kết hợp ăn uống lành mạnh, tập luyện và ngủ đủ giấc.",3
"Có thể giúp tôi chọn loại xe đạp phù hợp không?","Bạn cần biết mục đích sử dụng, ví dụ: xe địa hình, xe đạp đường phố, hay xe đạp thể thao.",4
"Làm sao để bảo dưỡng xe đạp tốt?","Bạn nên tra dầu định kỳ, kiểm tra lốp và phanh, cũng như vệ sinh xe thường xuyên.",4
"Đi xe đạp có giúp giảm cân không?","Có, đây là một hình thức tập luyện tuyệt vời để giảm cân và cải thiện sức khỏe tim mạch.",4
"Bạn là ai.","Xin chào tôi là trợ lý ảo, tôi có thể giúp bạn nếu bạn cần",5
"Thế bạn biết mặc trời mọc ở đâu không.","Mặc trời mọc ở hướng đông.",5
"Vậy tại sao người ta nói mặc trời ở hướng tây","Câu mặc trời mọc ở hướng tây có thể là câu nói đùa của một ai đó, sự thật thì mặc trời chỉ mọc ở hướng đông.",5
"Oh tôi hiểu rồi, cảm ơn bạn.","Không có gì, nếu có gì thắc mắc bạn có thể hỏi tôi nhé.",5
"Làm thế nào để chiên trứng","Có rất nhiều cách để chiên trứng, bạn có thể dùng chảo sau đó cho dầu ăn, chờ dầu sôi và cho trứng vào đợi tới khi trứng chín thì có thể dùng.",6
"Tôi dùng chảo chống dinh không bỏ dầu được không","Được, bạn có thể đợi chảo nóng rồi sau đó hãy cho trứng vào và đợi trứng chín",6
"Oh tôi làm được rồi cảm ơn bạn","Tôi rất vui khi nghe điều đó, nếu có bất kỳ câu hỏi nào cứ thỏa mái hỏi bạn nhé.",6
"Làm thế nào để học tiếng Anh hiệu quả?","Bạn có thể bắt đầu với việc học từ vựng cơ bản, luyện nghe và nói hàng ngày.",7
"Tôi có cần học ngữ pháp ngay từ đầu không?","Ngữ pháp cơ bản rất quan trọng, nhưng hãy tập trung vào thực hành giao tiếp nhiều hơn.",7
"Phim hoặc tài liệu nào tốt để luyện nghe tiếng Anh?","Bạn có thể xem các bộ phim phụ đề tiếng Anh hoặc tài liệu như BBC Learning English.",7
"Làm thế nào để phát âm tiếng Anh chuẩn?","Hãy tập trung vào việc nghe và lặp lại cách phát âm chuẩn từ người bản xứ.",7
"Làm sao để giữ sức khỏe tốt trong mùa đông?","Bạn nên ăn uống đủ chất, mặc ấm, và bổ sung vitamin C.",8
"Có cần uống nhiều nước vào mùa đông không?","Có, bạn vẫn cần uống đủ nước để giữ cơ thể không bị mất nước.",8
"Bài tập thể dục nào phù hợp trong mùa đông?","Bạn có thể tập các bài yoga hoặc tập luyện trong nhà để giữ cơ thể ấm áp.",8
"Làm thế nào để tránh bị cảm lạnh?","Hãy rửa tay thường xuyên, tránh chạm vào mặt và giữ ấm cơ thể.",8
"Làm sao để bắt đầu kinh doanh nhỏ?","Bạn cần xác định sản phẩm hoặc dịch vụ muốn cung cấp và nghiên cứu thị trường.",9
"Làm thế nào để tìm khách hàng đầu tiên?","Hãy tận dụng mạng xã hội, người quen và các nền tảng trực tuyến để tiếp cận khách hàng.",9
"Tôi có cần vốn lớn để bắt đầu kinh doanh không?","Không nhất thiết, bạn có thể bắt đầu nhỏ và mở rộng dần theo thời gian.",9
"Làm thế nào để quản lý tài chính khi kinh doanh?","Bạn nên ghi chép thu chi rõ ràng, lập kế hoạch ngân sách và tránh chi tiêu không cần thiết.",9
"Làm thế nào để chơi guitar cho người mới bắt đầu?","Bạn nên học các hợp âm cơ bản và thực hành đều đặn mỗi ngày.",10
"Có cần mua guitar đắt tiền để học không?","Không cần, bạn có thể bắt đầu với một cây guitar giá vừa phải nhưng đảm bảo chất lượng.",10
"Tôi nên học guitar từ đâu?","Bạn có thể học qua các video hướng dẫn trên YouTube hoặc tham gia lớp học.",10
"Mất bao lâu để chơi được một bài hát cơ bản?","Nếu bạn luyện tập đều đặn, bạn có thể chơi được một bài hát cơ bản sau 1-2 tuần.",10
"Làm sao để viết bài luận hay?","Bạn nên lập dàn ý rõ ràng, viết câu chủ đề cho mỗi đoạn và dùng ví dụ minh họa.",11
"Làm thế nào để tìm ý tưởng viết bài luận?","Hãy đọc tài liệu liên quan, ghi chú ý tưởng và phân tích vấn đề từ nhiều góc độ.",11
"Tôi có cần viết bài luận dài không?","Không nhất thiết, quan trọng là bài luận của bạn phải súc tích và đầy đủ ý.",11
"Làm thế nào để cải thiện kỹ năng viết?","Hãy đọc nhiều và viết thường xuyên, đồng thời nhờ người khác góp ý bài viết của bạn.",11  
"Làm thế nào để chăm sóc cây cảnh trong nhà?","Bạn nên đảm bảo cây được tưới nước vừa đủ và đặt ở nơi có ánh sáng phù hợp.",12
"Tôi có cần bón phân cho cây trong nhà không?","Có, nhưng hãy sử dụng phân bón dành riêng cho cây cảnh và bón theo định kỳ.",12
"Làm sao để nhận biết cây bị thiếu nước?","Cây thiếu nước thường có lá héo hoặc đổi màu, hãy kiểm tra đất và tưới nước ngay.",12
"Cây trong nhà của tôi bị vàng lá, phải làm sao?","Lá vàng có thể do thiếu chất hoặc thừa nước. Hãy kiểm tra đất và điều chỉnh cách chăm sóc.",12
"Làm thế nào để học nấu ăn cơ bản?","Bạn có thể bắt đầu bằng cách học các món đơn giản như chiên trứng, luộc rau và nấu cơm.",13
"Tôi nên tìm công thức nấu ăn ở đâu?","Bạn có thể tìm trên các trang web dạy nấu ăn hoặc xem video hướng dẫn trên YouTube.",13
"Làm sao để món ăn có vị ngon hơn?","Hãy sử dụng nguyên liệu tươi, nêm nếm vừa miệng, và thử thêm gia vị mới để tăng hương vị.",13
"Tôi hay nấu bị mặn, có cách nào khắc phục không?","Bạn có thể thêm nước, khoai tây hoặc một ít đường để giảm vị mặn.",13
"Làm sao để bảo vệ mắt khi làm việc với máy tính?","Hãy áp dụng quy tắc 20-20-20: sau 20 phút làm việc, nhìn vào vật cách xa 20 feet trong 20 giây.",14
"Có nên dùng kính chống ánh sáng xanh không?","Có, kính chống ánh sáng xanh giúp giảm mỏi mắt khi làm việc lâu với màn hình.",14
"Làm thế nào để giảm mỏi mắt?","Bạn nên nghỉ ngơi thường xuyên, chớp mắt nhiều hơn và sử dụng thuốc nhỏ mắt nếu cần.",14
"Ánh sáng từ màn hình có hại không?","Ánh sáng xanh từ màn hình có thể gây mỏi mắt và ảnh hưởng giấc ngủ nếu sử dụng lâu.",14
"Làm sao để học cách quản lý thời gian hiệu quả?","Hãy lập danh sách công việc ưu tiên, sử dụng lịch và đặt thời gian hoàn thành cụ thể.",15
"Có nên làm nhiều việc cùng một lúc không?","Không nên, làm quá nhiều việc cùng lúc có thể giảm hiệu quả và tăng căng thẳng.",15
"Làm thế nào để tránh trì hoãn công việc?","Bạn có thể chia nhỏ công việc và bắt đầu từ những phần đơn giản nhất.",15
"Làm sao để cân bằng giữa công việc và cuộc sống?","Hãy đặt ra giới hạn thời gian làm việc và dành thời gian thư giãn hoặc cho gia đình.",15
"Làm thế nào để bắt đầu tập chạy bộ?","Bạn nên bắt đầu bằng các quãng chạy ngắn, tăng dần thời gian và tốc độ.",16
"Nên chạy bộ buổi sáng hay buổi tối?","Cả hai đều tốt, nhưng chạy buổi sáng giúp bạn bắt đầu ngày mới tràn đầy năng lượng.",16
"Tôi có cần giày chạy bộ chuyên dụng không?","Có, giày chạy bộ phù hợp giúp bạn tránh chấn thương và chạy thoải mái hơn.",16
"Làm sao để duy trì thói quen chạy bộ?","Bạn có thể đặt mục tiêu cụ thể, rủ bạn bè chạy cùng và ghi lại tiến độ tập luyện.",16
"Làm thế nào để bắt đầu học vẽ?","Bạn có thể bắt đầu với việc học cách vẽ các hình cơ bản như hình tròn, vuông và tam giác.",17
"Tôi nên dùng dụng cụ gì để học vẽ?","Bạn có thể bắt đầu với bút chì, giấy và gôm, sau đó dần nâng cấp lên các dụng cụ như màu nước hoặc sáp màu.",17
"Làm sao để cải thiện kỹ năng vẽ?","Hãy vẽ thường xuyên, học từ các video hướng dẫn và tham khảo các tác phẩm của nghệ sĩ khác.",17
"Tôi có cần học vẽ tại lớp không?","Không bắt buộc, bạn có thể học qua sách, video online hoặc tham gia lớp học nếu cần hướng dẫn chuyên sâu.",17
"Làm thế nào để cải thiện giấc ngủ?","Hãy đi ngủ và thức dậy vào cùng một giờ mỗi ngày, hạn chế sử dụng thiết bị điện tử trước khi ngủ.",18
"Tôi nên ăn gì để dễ ngủ hơn?","Các thực phẩm như chuối, sữa ấm, và các loại hạt có thể giúp bạn dễ ngủ hơn.",18
"Làm sao để tránh thức khuya?","Hãy tạo thói quen ngủ sớm, tắt thiết bị điện tử và đọc sách thư giãn trước khi ngủ.",18
"Làm thế nào để không bị mất ngủ?","Hãy đảm bảo không gian ngủ thoải mái, hạn chế caffeine buổi tối và giữ tâm trạng thư giãn.",18
"Làm sao để bắt đầu tập yoga?","Bạn có thể bắt đầu với các bài tập yoga cơ bản như hít thở và giãn cơ, tìm video hướng dẫn cho người mới.",19
"Tôi có cần thảm yoga chuyên dụng không?","Có, thảm yoga giúp bạn tập thoải mái và tránh trượt khi thực hiện các động tác.",19
"Nên tập yoga bao lâu mỗi ngày?","Bạn chỉ cần 15-30 phút mỗi ngày để đạt được hiệu quả tốt cho sức khỏe.",19
"Yoga có giúp giảm căng thẳng không?","Có, yoga rất hiệu quả trong việc giảm căng thẳng và cải thiện tinh thần.",19
"Làm thế nào để chăm sóc da mặt đúng cách?","Bạn nên rửa mặt 2 lần mỗi ngày, tẩy tế bào chết định kỳ và sử dụng kem dưỡng phù hợp.",20
"Tôi có cần dùng kem chống nắng hàng ngày không?","Có, kem chống nắng rất quan trọng để bảo vệ da khỏi tia UV, ngay cả khi bạn ở trong nhà.",20
"Làm sao để trị mụn hiệu quả?","Hãy giữ da mặt sạch, tránh chạm tay lên mặt, và sử dụng sản phẩm trị mụn phù hợp.",20
"Nên uống gì để da đẹp hơn?","Uống đủ nước, trà xanh, và bổ sung vitamin từ nước ép trái cây sẽ giúp da khỏe mạnh hơn.",20
"Làm thế nào để cải thiện kỹ năng giao tiếp?","Bạn nên lắng nghe nhiều hơn, nói chậm rãi và rõ ràng, đồng thời luyện tập thường xuyên.",21
"Làm sao để tự tin khi nói trước đám đông?","Hãy chuẩn bị kỹ nội dung, thực hành trước gương và tập trung vào việc giao tiếp với khán giả.",21
"Làm thế nào để trở thành người giao tiếp giỏi?","Hãy học cách đặt câu hỏi, đồng cảm với người khác và luôn giữ thái độ tích cực.",21
"Làm sao để kết thúc một cuộc trò chuyện một cách tự nhiên?","Hãy tóm tắt lại ý chính, cảm ơn người đối diện và đưa ra một lời chào thân thiện.",21
"Làm thế nào để bắt đầu học chơi piano?","Bạn nên học cách đọc nốt nhạc cơ bản và thực hành các bài tập đơn giản trên bàn phím.",22
"Tôi cần mua loại đàn piano nào để học?","Bạn có thể bắt đầu với một cây đàn piano điện có kích thước đầy đủ để tiết kiệm chi phí.",22
"Làm sao để chơi được bài hát đầu tiên trên piano?","Hãy chọn một bài đơn giản, tập từng đoạn ngắn và lặp lại cho đến khi thành thạo.",22
"Tôi cần bao lâu để chơi thành thạo piano?","Điều này phụ thuộc vào thời gian bạn luyện tập, nhưng chỉ cần 15-30 phút mỗi ngày cũng giúp bạn tiến bộ nhanh.",22
"Làm thế nào để chăm sóc thú cưng đúng cách?","Bạn nên đảm bảo thú cưng có chế độ ăn uống phù hợp, không gian sống sạch sẽ và kiểm tra sức khỏe định kỳ.",23
"Tôi có cần tắm cho chó mèo thường xuyên không?","Không cần quá thường xuyên, bạn nên tắm cho chúng mỗi 1-2 tuần hoặc theo lời khuyên của bác sĩ thú y.",23
"Làm sao để huấn luyện chó vâng lời?","Hãy dùng các lệnh đơn giản như 'ngồi' hoặc 'đứng' và khen thưởng khi chúng làm đúng.",23
"Thú cưng của tôi hay buồn bã, tôi nên làm gì?","Hãy dành thời gian chơi đùa, quan tâm nhiều hơn và kiểm tra xem chúng có vấn đề về sức khỏe hay không.",23
"Làm sao để bắt đầu học bơi?","Bạn có thể học cách nổi trên mặt nước trước, sau đó học các kỹ thuật bơi cơ bản như bơi ếch.",24
"Tôi có cần dụng cụ hỗ trợ khi mới học bơi không?","Có, các dụng cụ như phao bơi hoặc bảng bơi rất hữu ích cho người mới bắt đầu.",24
"Làm thế nào để vượt qua nỗi sợ nước?","Hãy bắt đầu từ từ, làm quen với nước ở khu vực nông và luyện thở dưới nước.",24
"Tôi nên bơi bao lâu để cải thiện sức khỏe?","Chỉ cần bơi 30 phút mỗi lần, 2-3 lần mỗi tuần là đủ để tăng cường sức khỏe.",24
"Làm thế nào để học ngoại ngữ mới nhanh hơn?","Hãy học từ vựng cơ bản, luyện nghe và giao tiếp hàng ngày với người bản ngữ nếu có thể.",25
"Tôi có nên học qua ứng dụng không?","Có, các ứng dụng như Duolingo hoặc Memrise rất hữu ích để luyện tập hàng ngày.",25
"Làm sao để ghi nhớ từ vựng lâu hơn?","Hãy dùng từ trong câu, ôn tập thường xuyên và kết hợp với hình ảnh hoặc âm thanh để ghi nhớ dễ dàng hơn.",25
"Tôi có cần học phát âm ngay từ đầu không?","Có, phát âm đúng từ đầu giúp bạn tránh thói quen sai và giao tiếp tự tin hơn.",25
"Làm thế nào để chọn một cuốn sách hay?","Hãy đọc phần giới thiệu hoặc các đánh giá từ độc giả để xem sách có phù hợp với sở thích của bạn không.",26
"Tôi nên đọc sách giấy hay sách điện tử?","Điều này tùy thuộc vào sở thích cá nhân, nhưng sách giấy giúp bạn tập trung hơn, trong khi sách điện tử tiện lợi hơn.",26
"Làm sao để duy trì thói quen đọc sách?","Hãy đặt mục tiêu đọc mỗi ngày một ít và chọn những cuốn sách mà bạn thực sự hứng thú.",26
"Đọc sách có giúp cải thiện tư duy không?","Có, đọc sách giúp bạn mở rộng kiến thức, rèn luyện tư duy và khả năng phân tích.",26
"Làm thế nào để học cách viết mã tốt hơn?","Bạn nên thực hành viết mã hàng ngày, tìm hiểu các dự án thực tế và đọc tài liệu hướng dẫn.",27
"Tôi nên học ngôn ngữ lập trình nào đầu tiên?","Python là một ngôn ngữ tuyệt vời cho người mới bắt đầu vì cú pháp đơn giản và dễ học.",27
"Làm sao để tìm lỗi trong chương trình?","Hãy kiểm tra từng dòng mã, sử dụng công cụ gỡ lỗi và đọc kỹ thông báo lỗi.",27
"Làm thế nào để tham gia cộng đồng lập trình?","Bạn có thể tham gia các diễn đàn như Stack Overflow hoặc các nhóm trên mạng xã hội để trao đổi kinh nghiệm.",27
